id,created_at,order_name,customer_id
1,2020-01-02T15:34:12Z,PO #001-I,ivan
2,2020-01-15T17:34:12Z,PO #002-I,ivan
3,2020-01-05T05:34:12Z,PO #003-I,ivan
4,2020-02-02T15:34:12Z,PO #004-I,ivan
5,2020-01-03T10:34:12Z,PO #005-I,ivan
6,2020-01-02T15:34:12Z,PO #001-P,petr
7,2020-01-15T17:34:12Z,PO #002-P,petr
8,2020-01-05T05:34:12Z,PO #003-P,petr
9,2020-02-02T15:34:12Z,PO #004-P,petr
10,2020-01-03T10:34:12Z,PO #005-P,petr
11,2020-01-09T10:34:12Z,PO #006-I,ivan
12,2020-01-02T15:34:12Z,PO #007-P,petr
13,2020-01-15T17:34:12Z,PO #008-P,petr
14,2020-01-05T05:34:12Z,PO #009-P,petr
15,2020-02-02T15:34:12Z,PO #010-P,petr
16,2020-01-03T10:34:12Z,PO #011-P,petr
17,2020-01-02T15:34:12Z,PO #012-I,ivan
18,2020-01-25T17:34:12Z,PO #0013-I,ivan
19,2020-01-05T05:34:12Z,PO #014-I,ivan
20,2020-02-22T15:34:12Z,PO #015-I,ivan
